{
    "48": {
        "x": 0,
        "y": 0,
        "width": 16,
        "height": 28
    },
    "49": {
        "x": 16,
        "y": 0,
        "width": 16,
        "height": 28
    },
    "50": {
        "x": 32,
        "y": 0,
        "width": 16,
        "height": 28
    },
    "51": {
        "x": 48,
        "y": 0,
        "width": 16,
        "height": 28
    },
    "52": {
        "x": 64,
        "y": 0,
        "width": 16,
        "height": 28
    },
    "53": {
        "x": 80,
        "y": 0,
        "width": 16,
        "height": 28
    },
    "54": {
        "x": 96,
        "y": 0,
        "width": 16,
        "height": 28
    },
    "55": {
        "x": 112,
        "y": 0,
        "width": 16,
        "height": 28
    },
    "56": {
        "x": 128,
        "y": 0,
        "width": 16,
        "height": 28
    },
    "57": {
        "x": 144,
        "y": 0,
        "width": 16,
        "height": 28
    }
}