{
    "48": {
        "x": 0,
        "y": 0,
        "width": 34,
        "height": 58
    },
    "49": {
        "x": 34,
        "y": 0,
        "width": 34,
        "height": 58
    },
    "50": {
        "x": 68,
        "y": 0,
        "width": 34,
        "height": 58
    },
    "51": {
        "x": 102,
        "y": 0,
        "width": 34,
        "height": 58
    },
    "52": {
        "x": 136,
        "y": 0,
        "width": 34,
        "height": 58
    },
    "53": {
        "x": 170,
        "y": 0,
        "width": 34,
        "height": 58
    },
    "54": {
        "x": 204,
        "y": 0,
        "width": 34,
        "height": 58
    },
    "55": {
        "x": 238,
        "y": 0,
        "width": 34,
        "height": 58
    },
    "56": {
        "x": 272,
        "y": 0,
        "width": 34,
        "height": 58
    },
    "57": {
        "x": 306,
        "y": 0,
        "width": 34,
        "height": 58
    }
}