{
    "48": {
        "x": 0,
        "y": 0,
        "width": 24,
        "height": 36
    },
    "49": {
        "x": 24,
        "y": 0,
        "width": 24,
        "height": 36
    },
    "50": {
        "x": 48,
        "y": 0,
        "width": 24,
        "height": 36
    },
    "51": {
        "x": 72,
        "y": 0,
        "width": 24,
        "height": 36
    },
    "52": {
        "x": 96,
        "y": 0,
        "width": 24,
        "height": 36
    },
    "53": {
        "x": 120,
        "y": 0,
        "width": 24,
        "height": 36
    },
    "54": {
        "x": 144,
        "y": 0,
        "width": 24,
        "height": 36
    },
    "55": {
        "x": 168,
        "y": 0,
        "width": 24,
        "height": 36
    },
    "56": {
        "x": 192,
        "y": 0,
        "width": 24,
        "height": 36
    },
    "57": {
        "x": 216,
        "y": 0,
        "width": 24,
        "height": 36
    }
}