{
  "width": 1280,
  "height": 720,
  "fps": 30,
  "main": "./script/aez_bundle_main.js",
  "assets": {
    "field_base": {
      "type": "image",
      "width": 300,
      "height": 300,
      "path": "files/a5f8791c927219c5ca71.png",
      "hint": {
        "untainted": true
      },
      "virtualPath": "image/MainGameScene/field_base.png"
    },
    "field_tiles": {
      "type": "image",
      "width": 1600,
      "height": 320,
      "path": "files/3a707092c24e42f04c5a.png",
      "hint": {
        "untainted": true
      },
      "virtualPath": "image/MainGameScene/field_tiles.png"
    },
    "snakeA_head_alive": {
      "type": "image",
      "width": 116,
      "height": 112,
      "path": "files/42badf35bcaf4445cdb2.png",
      "hint": {
        "untainted": true
      },
      "virtualPath": "image/MainGameScene/Snake/snakeA_head_alive.png"
    },
    "snakeA_body": {
      "type": "image",
      "width": 76,
      "height": 76,
      "path": "files/0e46d068d23987dbe8cc.png",
      "hint": {
        "untainted": true
      },
      "virtualPath": "image/MainGameScene/Snake/snakeA_body.png"
    },
    "main_feed": {
      "type": "image",
      "width": 80,
      "height": 54,
      "path": "files/765c459f42f6fd7e69bb.png",
      "hint": {
        "untainted": true
      },
      "virtualPath": "image/MainGameScene/main_feed.png"
    },
    "foodAvailableChars": {
      "type": "text",
      "path": "files/28203fc10968123b9513.json",
      "global": true,
      "virtualPath": "text/foodAvailableChars.json"
    },
    "main_jewel_body": {
      "type": "image",
      "width": 76,
      "height": 76,
      "path": "files/a863ac02e6170e65d0c6.png",
      "hint": {
        "untainted": true
      },
      "virtualPath": "image/MainGameScene/main_jewel_body.png"
    },
    "snakeA_head_death": {
      "type": "image",
      "width": 116,
      "height": 112,
      "path": "files/e94f0fe97a4552c824fa.png",
      "hint": {
        "untainted": true
      },
      "virtualPath": "image/MainGameScene/Snake/snakeA_head_death.png"
    },
    "snakeA_head_gold": {
      "type": "image",
      "width": 116,
      "height": 112,
      "path": "files/0172a8e4c80ca38751a2.png",
      "hint": {
        "untainted": true
      },
      "virtualPath": "image/MainGameScene/Snake/snakeA_head_gold.png"
    },
    "snakeB_body": {
      "type": "image",
      "width": 76,
      "height": 76,
      "path": "files/6ea38b20b72e85b2b7f2.png",
      "hint": {
        "untainted": true
      },
      "virtualPath": "image/MainGameScene/Snake/snakeB_body.png"
    },
    "snakeB_head_alive": {
      "type": "image",
      "width": 116,
      "height": 112,
      "path": "files/54d797006d287e1b04c5.png",
      "hint": {
        "untainted": true
      },
      "virtualPath": "image/MainGameScene/Snake/snakeB_head_alive.png"
    },
    "snakeB_head_death": {
      "type": "image",
      "width": 116,
      "height": 112,
      "path": "files/f52657940617e8be6fb1.png",
      "hint": {
        "untainted": true
      },
      "virtualPath": "image/MainGameScene/Snake/snakeB_head_death.png"
    },
    "snakeB_head_gold": {
      "type": "image",
      "width": 116,
      "height": 112,
      "path": "files/5b95d3d102f467e68983.png",
      "hint": {
        "untainted": true
      },
      "virtualPath": "image/MainGameScene/Snake/snakeB_head_gold.png"
    },
    "snakeC_body": {
      "type": "image",
      "width": 76,
      "height": 76,
      "path": "files/b5d901b5e3528d1e4dbe.png",
      "hint": {
        "untainted": true
      },
      "virtualPath": "image/MainGameScene/Snake/snakeC_body.png"
    },
    "snakeC_head_alive": {
      "type": "image",
      "width": 116,
      "height": 112,
      "path": "files/4fab38ae9addee8bb260.png",
      "hint": {
        "untainted": true
      },
      "virtualPath": "image/MainGameScene/Snake/snakeC_head_alive.png"
    },
    "snakeC_head_death": {
      "type": "image",
      "width": 116,
      "height": 112,
      "path": "files/93c33b2fd535aef641b4.png",
      "hint": {
        "untainted": true
      },
      "virtualPath": "image/MainGameScene/Snake/snakeC_head_death.png"
    },
    "snakeC_head_gold": {
      "type": "image",
      "width": 116,
      "height": 112,
      "path": "files/59afe877f398b755b88d.png",
      "hint": {
        "untainted": true
      },
      "virtualPath": "image/MainGameScene/Snake/snakeC_head_gold.png"
    },
    "snakeD_body": {
      "type": "image",
      "width": 76,
      "height": 76,
      "path": "files/63deb4c7890a8d788a10.png",
      "hint": {
        "untainted": true
      },
      "virtualPath": "image/MainGameScene/Snake/snakeD_body.png"
    },
    "snakeD_head_alive": {
      "type": "image",
      "width": 116,
      "height": 112,
      "path": "files/00fbaeb3be21568e5575.png",
      "hint": {
        "untainted": true
      },
      "virtualPath": "image/MainGameScene/Snake/snakeD_head_alive.png"
    },
    "snakeD_head_death": {
      "type": "image",
      "width": 116,
      "height": 112,
      "path": "files/6e4fc1e4c968d9ca3076.png",
      "hint": {
        "untainted": true
      },
      "virtualPath": "image/MainGameScene/Snake/snakeD_head_death.png"
    },
    "snakeD_head_gold": {
      "type": "image",
      "width": 116,
      "height": 112,
      "path": "files/5e57fa0e3c08e24e6296.png",
      "hint": {
        "untainted": true
      },
      "virtualPath": "image/MainGameScene/Snake/snakeD_head_gold.png"
    },
    "snakeE_body": {
      "type": "image",
      "width": 76,
      "height": 76,
      "path": "files/9c5935f8144fdccd29c9.png",
      "hint": {
        "untainted": true
      },
      "virtualPath": "image/MainGameScene/Snake/snakeE_body.png"
    },
    "snakeE_head_alive": {
      "type": "image",
      "width": 116,
      "height": 112,
      "path": "files/ab44819ff708a1f7ce80.png",
      "hint": {
        "untainted": true
      },
      "virtualPath": "image/MainGameScene/Snake/snakeE_head_alive.png"
    },
    "snakeE_head_death": {
      "type": "image",
      "width": 116,
      "height": 112,
      "path": "files/88db940e2a1f7aadc7da.png",
      "hint": {
        "untainted": true
      },
      "virtualPath": "image/MainGameScene/Snake/snakeE_head_death.png"
    },
    "snakeE_head_gold": {
      "type": "image",
      "width": 116,
      "height": 112,
      "path": "files/0f3b66707c85df04db7f.png",
      "hint": {
        "untainted": true
      },
      "virtualPath": "image/MainGameScene/Snake/snakeE_head_gold.png"
    },
    "snakeF_body": {
      "type": "image",
      "width": 76,
      "height": 76,
      "path": "files/9006e6c015d4243eea37.png",
      "hint": {
        "untainted": true
      },
      "virtualPath": "image/MainGameScene/Snake/snakeF_body.png"
    },
    "snakeF_head_alive": {
      "type": "image",
      "width": 116,
      "height": 112,
      "path": "files/c5642a36736602787fbd.png",
      "hint": {
        "untainted": true
      },
      "virtualPath": "image/MainGameScene/Snake/snakeF_head_alive.png"
    },
    "snakeF_head_death": {
      "type": "image",
      "width": 116,
      "height": 112,
      "path": "files/cb23ebf680ccde6d91f5.png",
      "hint": {
        "untainted": true
      },
      "virtualPath": "image/MainGameScene/Snake/snakeF_head_death.png"
    },
    "snakeF_head_gold": {
      "type": "image",
      "width": 116,
      "height": 112,
      "path": "files/5cca12e2af6cf9032734.png",
      "hint": {
        "untainted": true
      },
      "virtualPath": "image/MainGameScene/Snake/snakeF_head_gold.png"
    },
    "snakeG_body": {
      "type": "image",
      "width": 76,
      "height": 76,
      "path": "files/82c11a19911721d122d5.png",
      "hint": {
        "untainted": true
      },
      "virtualPath": "image/MainGameScene/Snake/snakeG_body.png"
    },
    "snakeG_head_alive": {
      "type": "image",
      "width": 116,
      "height": 112,
      "path": "files/0ff5167bd3892c3fd0cc.png",
      "hint": {
        "untainted": true
      },
      "virtualPath": "image/MainGameScene/Snake/snakeG_head_alive.png"
    },
    "snakeG_head_death": {
      "type": "image",
      "width": 116,
      "height": 112,
      "path": "files/e326640c49c0bf162eee.png",
      "hint": {
        "untainted": true
      },
      "virtualPath": "image/MainGameScene/Snake/snakeG_head_death.png"
    },
    "snakeG_head_gold": {
      "type": "image",
      "width": 116,
      "height": 112,
      "path": "files/679b92cbbaf7405b968e.png",
      "hint": {
        "untainted": true
      },
      "virtualPath": "image/MainGameScene/Snake/snakeG_head_gold.png"
    },
    "snakeH_body": {
      "type": "image",
      "width": 76,
      "height": 76,
      "path": "files/1d629f25770a64d583b2.png",
      "hint": {
        "untainted": true
      },
      "virtualPath": "image/MainGameScene/Snake/snakeH_body.png"
    },
    "snakeH_head_alive": {
      "type": "image",
      "width": 171,
      "height": 112,
      "path": "files/8d4223561283555218cc.png",
      "hint": {
        "untainted": true
      },
      "virtualPath": "image/MainGameScene/Snake/snakeH_head_alive.png"
    },
    "snakeH_head_death": {
      "type": "image",
      "width": 116,
      "height": 112,
      "path": "files/7ddd6e20c4ace51f2971.png",
      "hint": {
        "untainted": true
      },
      "virtualPath": "image/MainGameScene/Snake/snakeH_head_death.png"
    },
    "snakeH_head_gold": {
      "type": "image",
      "width": 171,
      "height": 112,
      "path": "files/f0a63ea056f657c135b2.png",
      "hint": {
        "untainted": true
      },
      "virtualPath": "image/MainGameScene/Snake/snakeH_head_gold.png"
    },
    "snakeI_body": {
      "type": "image",
      "width": 76,
      "height": 76,
      "path": "files/16f61cd83288c803022b.png",
      "hint": {
        "untainted": true
      },
      "virtualPath": "image/MainGameScene/Snake/snakeI_body.png"
    },
    "snakeI_head_alive": {
      "type": "image",
      "width": 198,
      "height": 143,
      "path": "files/beefcbe819beeced2ff1.png",
      "hint": {
        "untainted": true
      },
      "virtualPath": "image/MainGameScene/Snake/snakeI_head_alive.png"
    },
    "snakeI_head_death": {
      "type": "image",
      "width": 116,
      "height": 112,
      "path": "files/283023598c6afd5f81c9.png",
      "hint": {
        "untainted": true
      },
      "virtualPath": "image/MainGameScene/Snake/snakeI_head_death.png"
    },
    "snakeI_head_gold": {
      "type": "image",
      "width": 198,
      "height": 143,
      "path": "files/09f37ebc8f8cb4d4187a.png",
      "hint": {
        "untainted": true
      },
      "virtualPath": "image/MainGameScene/Snake/snakeI_head_gold.png"
    },
    "snake_body_death": {
      "type": "image",
      "width": 76,
      "height": 76,
      "path": "files/6009fc01f8e9b07c4a7b.png",
      "hint": {
        "untainted": true
      },
      "virtualPath": "image/MainGameScene/Snake/snake_body_death.png"
    },
    "snake_body_gold": {
      "type": "image",
      "width": 76,
      "height": 76,
      "path": "files/07987021d22b1b107066.png",
      "hint": {
        "untainted": true
      },
      "virtualPath": "image/MainGameScene/Snake/snake_body_gold.png"
    },
    "main_num_score": {
      "type": "image",
      "width": 160,
      "height": 28,
      "path": "files/4a4ef481609892d86ea1.png",
      "hint": {
        "untainted": true
      },
      "virtualPath": "image/MainGameScene/Font/main_num_score.png"
    },
    "main_num_score_glyph": {
      "type": "text",
      "path": "files/6742ccf7d09796ed9b40.json",
      "virtualPath": "text/glyph/main_num_score_glyph.json"
    },
    "main_base_kill": {
      "type": "image",
      "width": 240,
      "height": 70,
      "path": "files/3b9321c91d7f0f60515a.png",
      "hint": {
        "untainted": true
      },
      "virtualPath": "image/MainGameScene/UI/main_base_kill.png"
    },
    "main_rpop_body": {
      "type": "image",
      "width": 40,
      "height": 40,
      "path": "files/cf0677d0be790155c764.png",
      "hint": {
        "untainted": true
      },
      "virtualPath": "image/MainGameScene/UI/main_rpop_body.png"
    },
    "main_rpop_head_jewel": {
      "type": "image",
      "width": 206,
      "height": 40,
      "path": "files/3276d47521130e4d1443.png",
      "hint": {
        "untainted": true
      },
      "virtualPath": "image/MainGameScene/UI/main_rpop_head_jewel.png"
    },
    "main_rpop_head_kill": {
      "type": "image",
      "width": 128,
      "height": 40,
      "path": "files/8a62cdbbff293c2e2a51.png",
      "hint": {
        "untainted": true
      },
      "virtualPath": "image/MainGameScene/UI/main_rpop_head_kill.png"
    },
    "main_rpop_tail": {
      "type": "image",
      "width": 22,
      "height": 40,
      "path": "files/c5c2b676670d6fc04996.png",
      "hint": {
        "untainted": true
      },
      "virtualPath": "image/MainGameScene/UI/main_rpop_tail.png"
    },
    "main_base_length": {
      "type": "image",
      "width": 240,
      "height": 70,
      "path": "files/b294229066da4c2910a0.png",
      "hint": {
        "untainted": true
      },
      "virtualPath": "image/MainGameScene/UI/main_base_length.png"
    },
    "main_rank_1": {
      "type": "image",
      "width": 62,
      "height": 40,
      "path": "files/55b64dda23e488044a33.png",
      "hint": {
        "untainted": true
      },
      "virtualPath": "image/MainGameScene/UI/main_rank_1.png"
    },
    "main_rank_2": {
      "type": "image",
      "width": 62,
      "height": 40,
      "path": "files/48a44ee5f69ce0036b3b.png",
      "hint": {
        "untainted": true
      },
      "virtualPath": "image/MainGameScene/UI/main_rank_2.png"
    },
    "main_rank_3": {
      "type": "image",
      "width": 62,
      "height": 40,
      "path": "files/e35ee657a3cc0d4007dc.png",
      "hint": {
        "untainted": true
      },
      "virtualPath": "image/MainGameScene/UI/main_rank_3.png"
    },
    "main_rank_4": {
      "type": "image",
      "width": 62,
      "height": 40,
      "path": "files/42fdd3af5204f8eabe4f.png",
      "hint": {
        "untainted": true
      },
      "virtualPath": "image/MainGameScene/UI/main_rank_4.png"
    },
    "main_rank_5": {
      "type": "image",
      "width": 62,
      "height": 40,
      "path": "files/015d2763b64159e77ffb.png",
      "hint": {
        "untainted": true
      },
      "virtualPath": "image/MainGameScene/UI/main_rank_5.png"
    },
    "main_rank_base": {
      "type": "image",
      "width": 1280,
      "height": 130,
      "path": "files/939f51d2493a76432eda.png",
      "hint": {
        "untainted": true
      },
      "virtualPath": "image/MainGameScene/UI/main_rank_base.png"
    },
    "main_rank_host": {
      "type": "image",
      "width": 188,
      "height": 40,
      "path": "files/90e01334016887ebfc4a.png",
      "hint": {
        "untainted": true
      },
      "virtualPath": "image/MainGameScene/UI/main_rank_host.png"
    },
    "main_rank_you": {
      "type": "image",
      "width": 170,
      "height": 40,
      "path": "files/f842f4026962073ef949.png",
      "hint": {
        "untainted": true
      },
      "virtualPath": "image/MainGameScene/UI/main_rank_you.png"
    },
    "main_btn_rank_off": {
      "type": "image",
      "width": 144,
      "height": 136,
      "path": "files/30e4dec6cb9b5025ef35.png",
      "hint": {
        "untainted": true
      },
      "virtualPath": "image/MainGameScene/UI/main_btn_rank_off.png"
    },
    "main_btn_rank_off_diff": {
      "type": "image",
      "width": 144,
      "height": 136,
      "path": "files/89336814301043bfc8cb.png",
      "hint": {
        "untainted": true
      },
      "virtualPath": "image/MainGameScene/UI/main_btn_rank_off_diff.png"
    },
    "main_btn_rank_on": {
      "type": "image",
      "width": 144,
      "height": 136,
      "path": "files/34b1b110d5b9953e851a.png",
      "hint": {
        "untainted": true
      },
      "virtualPath": "image/MainGameScene/UI/main_btn_rank_on.png"
    },
    "main_btn_rank_on_diff": {
      "type": "image",
      "width": 144,
      "height": 136,
      "path": "files/d99bb36fd1d715986949.png",
      "hint": {
        "untainted": true
      },
      "virtualPath": "image/MainGameScene/UI/main_btn_rank_on_diff.png"
    },
    "main_base_time": {
      "type": "image",
      "width": 192,
      "height": 152,
      "path": "files/923243691350c788d43b.png",
      "hint": {
        "untainted": true
      },
      "virtualPath": "image/MainGameScene/UI/main_base_time.png"
    },
    "main_num_time_glyph": {
      "type": "text",
      "path": "files/ca8a91bf0e36c35a5b2c.json",
      "virtualPath": "text/glyph/main_num_time_glyph.json"
    },
    "main_num_time_c": {
      "type": "image",
      "width": 340,
      "height": 58,
      "path": "files/77ea5a2b5b472a29ef84.png",
      "hint": {
        "untainted": true
      },
      "virtualPath": "image/MainGameScene/Font/main_num_time_c.png"
    },
    "main_num_time_r": {
      "type": "image",
      "width": 340,
      "height": 58,
      "path": "files/cde08d213f543e2658e2.png",
      "hint": {
        "untainted": true
      },
      "virtualPath": "image/MainGameScene/Font/main_num_time_r.png"
    },
    "main_btn_spawn_off": {
      "type": "image",
      "width": 124,
      "height": 108,
      "path": "files/869f751cdd78e647f8e6.png",
      "hint": {
        "untainted": true
      },
      "virtualPath": "image/MainGameScene/UI/main_btn_spawn_off.png"
    },
    "main_btn_spawn_on": {
      "type": "image",
      "width": 124,
      "height": 108,
      "path": "files/acce8fe46b8a7ab2aed7.png",
      "hint": {
        "untainted": true
      },
      "virtualPath": "image/MainGameScene/UI/main_btn_spawn_on.png"
    },
    "main_btn_spawn_off_angel": {
      "type": "image",
      "width": 124,
      "height": 108,
      "path": "files/270db0187f85c798533e.png",
      "hint": {
        "untainted": true
      },
      "virtualPath": "image/MainGameScene/UI/main_btn_spawn_off_angel.png"
    },
    "main_btn_spawn_on_angel": {
      "type": "image",
      "width": 124,
      "height": 108,
      "path": "files/f4d81bea0fa2b3fc1f89.png",
      "hint": {
        "untainted": true
      },
      "virtualPath": "image/MainGameScene/UI/main_btn_spawn_on_angel.png"
    },
    "main_map_base": {
      "type": "image",
      "width": 212,
      "height": 212,
      "path": "files/7ac83529ba2699fe0847.png",
      "hint": {
        "untainted": true
      },
      "virtualPath": "image/MainGameScene/UI/main_map_base.png"
    },
    "main_map_feed": {
      "type": "image",
      "width": 2,
      "height": 2,
      "path": "files/bb8182591872e38dc6b3.png",
      "hint": {
        "untainted": true
      },
      "virtualPath": "image/MainGameScene/UI/main_map_feed.png"
    },
    "main_map_jewel": {
      "type": "image",
      "width": 8,
      "height": 8,
      "path": "files/3ee32d463b07bb21e5d7.png",
      "hint": {
        "untainted": true
      },
      "virtualPath": "image/MainGameScene/UI/main_map_jewel.png"
    },
    "main_map_you": {
      "type": "image",
      "width": 8,
      "height": 8,
      "path": "files/3a5e7332815cd6589487.png",
      "hint": {
        "untainted": true
      },
      "virtualPath": "image/MainGameScene/UI/main_map_you.png"
    },
    "main_jewel_pop": {
      "type": "image",
      "width": 160,
      "height": 94,
      "path": "files/677419e21b1aed5f042d.png",
      "hint": {
        "untainted": true
      },
      "virtualPath": "image/MainGameScene/UI/main_jewel_pop.png"
    },
    "main_count_1": {
      "type": "image",
      "width": 404,
      "height": 324,
      "path": "files/4bdfd22dfe849ac61134.png",
      "hint": {
        "untainted": true
      },
      "virtualPath": "image/MainGameScene/main_count_1.png"
    },
    "main_count_2": {
      "type": "image",
      "width": 404,
      "height": 324,
      "path": "files/3faa399fad8eb793edb2.png",
      "hint": {
        "untainted": true
      },
      "virtualPath": "image/MainGameScene/main_count_2.png"
    },
    "main_count_3": {
      "type": "image",
      "width": 404,
      "height": 324,
      "path": "files/5e69e548084419839a71.png",
      "hint": {
        "untainted": true
      },
      "virtualPath": "image/MainGameScene/main_count_3.png"
    },
    "main_count_start": {
      "type": "image",
      "width": 600,
      "height": 400,
      "path": "files/bae413b1e7e433b5af08.png",
      "hint": {
        "untainted": true
      },
      "virtualPath": "image/MainGameScene/main_count_start.png"
    },
    "main_dash_base": {
      "type": "image",
      "width": 126,
      "height": 20,
      "path": "files/82759544896ef0b541bf.png",
      "hint": {
        "untainted": true
      },
      "virtualPath": "image/MainGameScene/UI/main_dash_base.png"
    },
    "main_dash_gauge1": {
      "type": "image",
      "width": 12,
      "height": 12,
      "path": "files/9bf00d23ef58770bbbf5.png",
      "hint": {
        "untainted": true
      },
      "virtualPath": "image/MainGameScene/UI/main_dash_gauge1.png"
    },
    "snake_bgm": {
      "type": "audio",
      "path": "files/0eaee27ec2b628f0198c",
      "systemId": "music",
      "duration": 30000,
      "virtualPath": "audio/snake_bgm"
    },
    "SE_collision": {
      "type": "audio",
      "path": "files/82655049fa78b0cb57df",
      "systemId": "sound",
      "duration": 2572,
      "virtualPath": "audio/SE/SE_collision"
    },
    "SE_count": {
      "type": "audio",
      "path": "files/85d0467eb1d68af032a3",
      "systemId": "sound",
      "duration": 429,
      "virtualPath": "audio/SE/SE_count"
    },
    "SE_dash": {
      "type": "audio",
      "path": "files/4db98a2852cbc8bccc6c",
      "systemId": "sound",
      "duration": 4286,
      "virtualPath": "audio/SE/SE_dash"
    },
    "SE_finish": {
      "type": "audio",
      "path": "files/a9db66570cba07d4dd3c",
      "systemId": "sound",
      "duration": 2572,
      "virtualPath": "audio/SE/SE_finish"
    },
    "SE_jewel": {
      "type": "audio",
      "path": "files/19e2292f7a79f34e124d",
      "systemId": "sound",
      "duration": 858,
      "virtualPath": "audio/SE/SE_jewel"
    },
    "SE_select": {
      "type": "audio",
      "path": "files/a64f019d200a44093b72",
      "systemId": "sound",
      "duration": 858,
      "virtualPath": "audio/SE/SE_select"
    },
    "SE_start": {
      "type": "audio",
      "path": "files/bbc5a75406e317def8ab",
      "systemId": "sound",
      "duration": 1286,
      "virtualPath": "audio/SE/SE_start"
    },
    "btn_frame_join": {
      "type": "image",
      "width": 138,
      "height": 120,
      "path": "files/4fca50f35b7e85c841bf.png",
      "hint": {
        "untainted": true
      },
      "virtualPath": "image/TitleScene/btn_frame_join.png"
    },
    "btn_frame_join_disable": {
      "type": "image",
      "width": 138,
      "height": 120,
      "path": "files/497b72b473c7318db531.png",
      "hint": {
        "untainted": true
      },
      "virtualPath": "image/TitleScene/btn_frame_join_disable.png"
    },
    "frame_howto": {
      "type": "image",
      "width": 50,
      "height": 50,
      "path": "files/4d5002a204a03906090d.png",
      "hint": {
        "untainted": true
      },
      "virtualPath": "image/TitleScene/frame_howto.png"
    },
    "main_count_finish": {
      "type": "image",
      "width": 600,
      "height": 400,
      "path": "files/0aa4fd6c25810120c182.png",
      "hint": {
        "untainted": true
      },
      "virtualPath": "image/MainGameScene/main_count_finish.png"
    },
    "snake_result": {
      "type": "audio",
      "path": "files/fe18ac2a3ca286c8dd43",
      "systemId": "music",
      "duration": 16696,
      "virtualPath": "audio/snake_result"
    },
    "snake_result_intro": {
      "type": "audio",
      "path": "files/9634249ce8c6376703f7",
      "systemId": "sound",
      "duration": 2556,
      "virtualPath": "audio/snake_result_intro"
    },
    "main_dash_eff": {
      "type": "image",
      "width": 150,
      "height": 90,
      "path": "files/9aa00bd6d8bb88b60670.png",
      "hint": {
        "untainted": true
      },
      "virtualPath": "image/MainGameScene/main_dash_eff.png"
    },
    "main_btn_close_off": {
      "type": "image",
      "width": 76,
      "height": 76,
      "path": "files/26324528f7d5c227e7cd.png",
      "hint": {
        "untainted": true
      },
      "virtualPath": "image/MainGameScene/UI/main_btn_close_off.png"
    },
    "main_btn_close_on": {
      "type": "image",
      "width": 76,
      "height": 76,
      "path": "files/b7737f0d23c60edf5aaa.png",
      "hint": {
        "untainted": true
      },
      "virtualPath": "image/MainGameScene/UI/main_btn_close_on.png"
    },
    "snake_reborn": {
      "type": "image",
      "width": 1404,
      "height": 2220,
      "path": "files/806a6f306a909dbd2cc5.png",
      "hint": {
        "untainted": true
      },
      "virtualPath": "image/MainGameScene/snake_reborn.png"
    },
    "snake_reborn_text": {
      "type": "image",
      "width": 120,
      "height": 63,
      "path": "files/a7b2ca8cd5cad290ea11.png",
      "hint": {
        "untainted": true
      },
      "virtualPath": "image/MainGameScene/snake_reborn_text.png"
    },
    "main_deathpop": {
      "type": "image",
      "width": 600,
      "height": 400,
      "path": "files/138d0e825456932f4b24.png",
      "hint": {
        "untainted": true
      },
      "virtualPath": "image/MainGameScene/UI/main_deathpop.png"
    },
    "result_base_ranking": {
      "type": "image",
      "width": 978,
      "height": 470,
      "path": "files/8e99ff7420b1eb0bf52b.png",
      "hint": {
        "untainted": true
      },
      "virtualPath": "image/ResultScene/result_base_ranking.png"
    },
    "result_base_treasure": {
      "type": "image",
      "width": 718,
      "height": 140,
      "path": "files/59cf427d63bb0c87617e.png",
      "hint": {
        "untainted": true
      },
      "virtualPath": "image/ResultScene/result_base_treasure.png"
    },
    "result_btn_back_off": {
      "type": "image",
      "width": 120,
      "height": 94,
      "path": "files/3caebd01ff56c8245ce2.png",
      "hint": {
        "untainted": true
      },
      "virtualPath": "image/ResultScene/result_btn_back_off.png"
    },
    "result_btn_back_on": {
      "type": "image",
      "width": 120,
      "height": 94,
      "path": "files/6a0ce4cffe773ebb241e.png",
      "hint": {
        "untainted": true
      },
      "virtualPath": "image/ResultScene/result_btn_back_on.png"
    },
    "result_btn_next_off": {
      "type": "image",
      "width": 120,
      "height": 94,
      "path": "files/89d0824bbdc1647dbaad.png",
      "hint": {
        "untainted": true
      },
      "virtualPath": "image/ResultScene/result_btn_next_off.png"
    },
    "result_btn_next_on": {
      "type": "image",
      "width": 120,
      "height": 94,
      "path": "files/ca78ea1b0746d21cdc3a.png",
      "hint": {
        "untainted": true
      },
      "virtualPath": "image/ResultScene/result_btn_next_on.png"
    },
    "result_num_b": {
      "type": "image",
      "width": 240,
      "height": 36,
      "path": "files/ef8739f72dc67688fe9d.png",
      "hint": {
        "untainted": true
      },
      "virtualPath": "image/ResultScene/result_num_b.png"
    },
    "result_num_r": {
      "type": "image",
      "width": 240,
      "height": 36,
      "path": "files/1bbb63739399aff4f10b.png",
      "hint": {
        "untainted": true
      },
      "virtualPath": "image/ResultScene/result_num_r.png"
    },
    "result_title_kill": {
      "type": "image",
      "width": 840,
      "height": 122,
      "path": "files/987ec72972ff12579561.png",
      "hint": {
        "untainted": true
      },
      "virtualPath": "image/ResultScene/result_title_kill.png"
    },
    "result_title_length": {
      "type": "image",
      "width": 840,
      "height": 122,
      "path": "files/40b465d177de32c58c00.png",
      "hint": {
        "untainted": true
      },
      "virtualPath": "image/ResultScene/result_title_length.png"
    },
    "result_unit_i_b": {
      "type": "image",
      "width": 36,
      "height": 30,
      "path": "files/1652f92d6d96c10e54c2.png",
      "hint": {
        "untainted": true
      },
      "virtualPath": "image/ResultScene/result_unit_i_b.png"
    },
    "result_unit_i_r": {
      "type": "image",
      "width": 36,
      "height": 30,
      "path": "files/fa41f757b4d639b7a7d7.png",
      "hint": {
        "untainted": true
      },
      "virtualPath": "image/ResultScene/result_unit_i_r.png"
    },
    "result_unit_ji_b": {
      "type": "image",
      "width": 36,
      "height": 30,
      "path": "files/57cdb5f43fd4e31e3c3d.png",
      "hint": {
        "untainted": true
      },
      "virtualPath": "image/ResultScene/result_unit_ji_b.png"
    },
    "result_unit_ji_r": {
      "type": "image",
      "width": 36,
      "height": 30,
      "path": "files/031f4afbc8f2fb918eed.png",
      "hint": {
        "untainted": true
      },
      "virtualPath": "image/ResultScene/result_unit_ji_r.png"
    },
    "result_glyph": {
      "type": "text",
      "path": "files/e8c84ef568fc4d33c307.json",
      "virtualPath": "text/glyph/result_glyph.json"
    },
    "main_btn_spawn_unable": {
      "type": "image",
      "width": 124,
      "height": 108,
      "path": "files/dbe8f60fce0ae73dad09.png",
      "hint": {
        "untainted": true
      },
      "virtualPath": "image/MainGameScene/UI/main_btn_spawn_unable.png"
    },
    "explosion_effect": {
      "type": "image",
      "width": 560,
      "height": 280,
      "path": "files/b4784c7c43cc9b814e06.png",
      "hint": {
        "untainted": true
      },
      "virtualPath": "image/MainGameScene/explosion_effect.png"
    },
    "result_btn_back_off_unable": {
      "type": "image",
      "width": 120,
      "height": 94,
      "path": "files/4fba6814e824b53e47e5.png",
      "hint": {
        "untainted": true
      },
      "virtualPath": "image/ResultScene/result_btn_back_off_unable.png"
    },
    "result_btn_next_off_unable": {
      "type": "image",
      "width": 120,
      "height": 94,
      "path": "files/b2ae59574a997d74b556.png",
      "hint": {
        "untainted": true
      },
      "virtualPath": "image/ResultScene/result_btn_next_off_unable.png"
    },
    "red_rpop_body": {
      "type": "image",
      "width": 40,
      "height": 40,
      "path": "files/de65a2bf7618b356a675.png",
      "hint": {
        "untainted": true
      },
      "virtualPath": "image/MainGameScene/UI/red_rpop_body.png"
    },
    "red_rpop_head_chance": {
      "type": "image",
      "width": 128,
      "height": 40,
      "path": "files/c33a4ed95fb4c51ecb65.png",
      "hint": {
        "untainted": true
      },
      "virtualPath": "image/MainGameScene/UI/red_rpop_head_chance.png"
    },
    "red_rpop_tail": {
      "type": "image",
      "width": 22,
      "height": 40,
      "path": "files/586a8846a44440434ee7.png",
      "hint": {
        "untainted": true
      },
      "virtualPath": "image/MainGameScene/UI/red_rpop_tail.png"
    },
    "aez_bundle_main": {
      "type": "script",
      "global": true,
      "path": "files/f086925699839f7a9594.js",
      "virtualPath": "script/aez_bundle_main.js"
    }
  },
  "moduleMainScripts": {
    "@akashic-extension/akashic-label": "node_modules/@akashic-extension/akashic-label/lib/index.js",
    "grapheme-splitter": "node_modules/grapheme-splitter/index.js",
    "@akashic-extension/akashic-tile": "node_modules/@akashic-extension/akashic-tile/lib/index.js",
    "@akashic-extension/akashic-timeline": "node_modules/@akashic-extension/akashic-timeline/lib/index.js",
    "@akashic-extension/akashic-hover-plugin": "node_modules/@akashic-extension/akashic-hover-plugin/lib/index.js",
    "@akashic-extension/resolve-player-info": "node_modules/@akashic-extension/resolve-player-info/lib/index.js"
  },
  "environment": {
    "sandbox-runtime": "3",
    "niconico": {
      "supportedModes": [
        "multi_admission"
      ]
    },
    "external": {
      "coeLimited": "0",
      "send": "0"
    },
    "akashic-runtime": {
      "version": "~3.0.15",
      "flavor": "-canvas"
    }
  },
  "globalScripts": [],
  "operationPlugins": [],
  "exportZipInfo": {
    "version": "0.9.0",
    "option": {
      "force": true,
      "strip": true,
      "minify": false,
      "bundle": true,
      "babel": true,
      "omitEmptyJs": true,
      "targetService": "nicolive"
    }
  }
}